"will, vil",ויל
aba,אבא
abir,אביר
achava,אחוה
achi,אחי
achiad,אחיעד
achiam,אחיעם
achiav,אחיאב
achiel,אחיאל
achiezer,אחיעזר
achihud,אחיהוד
achikam,אחיקם
achimeir,אחימאיר
achinadav,אחינדב
achinoam,אחינועם
achishay,אחישי
achitov,אחיטוב
achiya,אחיה
achlama,אחלמה
ad,עד
ada,אדה
adam,אדם
adama,אדמה
adamit,אדמית
adar,אדר
adara,אדרה
adaya,עדיה
adel,עדאל
adela,אדלה
adele,אדל
adeline,אדלין
aderet,אדרת
adi,עדי
adiel,עדיאל
adiela,עדיאלה
adin,עדין
adina,עדינה
adino,עדינו
adir,אדיר
adira,אדירה
adiv,אדיב
adiva,אדיבה
adli,עדלי
adoram,אדורם
adore,אדור
adrian,אדריאן
adriana,אדריאנה
adva,אדוה
afek,אפק
afeka,אפקה
afik,אפיק
agam,אגם
agamit,אגמית
agas,אגס
agat,אגת
agnes,אגנס
agur,עגור
ahala,אהלה
ahaliav,אהליאב
ahaliba,אהליבה
aharon\aaron,אהרון
aharona,אהרונה
ahav,אהב
ahava,אהבה
ahavatel,אהבתאל
ahavit,אהבית
ahavniel,אהבניאל
ahavtia,אהבתיה
ahuda,אהודה
ahuv,אהוב
ahuva,אהובה
ahuvi,אהובי
ahuvia,אהוביה
ahuviel,אהוביאל
ahuvit,אהובית
aimee,איימי
akiva,עקיבא
albert,אלברט
aldo,אלדו
alevtina,אלבטינה
alex,אלכס
alexander,אלכסנדר
alexandra,אלכסנדרה
alexei,אלכסי
alfons,אלפונס
alfonso,אלפונסו
alfred,אלפרד
alfredo,אלפדו
alice,אליס
alina,אלינה
aline,אלין
aliz,עליז
aliza,עליזה
allegra,אלגרה
allegria,אלגריה
allen,אלן
allison,אליסון
alma,אלמה
almar,אלמר
almog,אלמוג
almoga,אלמוגה
almogit,אלמוגית
alon,אלון
alona,אלונה
aloni,אלוני
alonit,אלונית
alter,אלטר
aluma,אלומה
alva,עלוה
alvit,עלוית
amal,עמל
amalia,אמליה
amanda,אמנדה
amarel,אמראל
amatzya,אמציה
amber,אמבר
ami,עמי
amiad,עמיעד
amichai,עמיחי
amiel,עמיאל
amihud,עמיהוד
amikam,עמיקם
aminadav,עמינדב
amioz,עמיעז
amir,אמיר
amira,אמירה
amiram,אמירם
amiran,אמירן
amirel,אמיראל
amiri,אמירי
amirit,אמירית
amit,עמית
amital,עמיטל
amittai,אמיתי
amitz,אמיץ
amitzur,עמיצור
amnon,אמנון
amor,אמור
amos,עמוס
amotz,אמוץ
amram,עמרם
amya,עמיה
anael,ענאל
anafa,אנפה
anastasia,אנסטסיה
anat,ענת
anati,ענתי
anatol,אנטול
anatoly,אנטולי
anava,ענוה
andre,אנדרה
andrea,אנדראה
andrew,אנדרו
andrey,אנדרי
andy,אנדי
anefa,ענפה
aner,ענר
aniam,אניעם
anil,אניל
anila,אנילה
anise,אניס
anita,אניטה
anna,אנה
annabel,אנאבל
annabella,אנבלה
annael,אנאל
anne,אן
annette,אנט
annick,אניק
anny,אני
anog,ענוג
anouk,אנוק
anthony,אנטוני
anton,אנטון
antonia,אנטוניה
antonina,אנטונינה
antonio,אנטוניו
anuga,ענוגה
anya,אניה
april,אפריל
arad,ארד
aram,ארם
aran,ארן
arava,ערבה
arbel,ארבל
argaman,ארגמן
ari,ארי
ariana,אריאנה
ariane,אריאן
arie,אריה
ariel,אריאל
ariela,אריאלה
arieli,אריאלי
arig,אריג
arik,אריק
arina,ארינה
arit,ארית
arkadi,ארקדי
arline,ארלין
armond,ארמונד
arnold,ארנולד
arnon,ארנון
artal,ערטל
arthur,ארתור
arza,ארזה
arzit,ארזית
asher,אשר
ashi,אשי
ashir,אשיר
ashira,אשירה
ashriel,אשריאל
asia,אסיה
assa,אסא
assael,עשאל
assaf,אסף
assafa,אספה
assi,אסי
assif,אסיף
atai,עתי
atar,עטר
atara,עטרה
ateka,אטקה
atel,עטל
ateret,עטרת
atid,עתיד
atida,עתידה
atir,עתיר
atira,עתירה
atli,אתלי
atniel,עתניאל
attalia,עתליה
atzil,אציל
atzmon,עצמון
atzmona,עצמונה
audrey,אודרי
aurelia,אורליה
av,אב
avel,אבאל
avgar,אבגר
avi,אבי
aviad,אביעד
aviah,אביה
aviam,אביעם
aviassaf,אביסף
avichai,אביחי
avichail,אביחיל
avichen,אביחן
avida,אבידע
avidan,אבידן
avidar,אבידר
avidor,אבידור
aviel,אביאל
aviela,אביאלה
aviem,אביאם
aviezer,אביעזר
avigaal,אביגאל
avigad,אביגד
avigail,אבגיל
avigal,אביגל
avigdor,אביגדור
aviguy,אביגיא
avihu,אביהו
avihud,אביהוד
avikam,אביקם
avim,אבים
avimelech,אבימלך
avinadav,אבינדב
avinoach,אבינח
avinoam,אבינועם
avior,אביאור
aviram,אבירם
aviran,אבירן
aviraz,אבירז
avisar,אבישר
avishag,אבישג
avishalom,אבישלום
avishay,אבישי
avit,אבית
avital,אביטל
avitzur,אביצור
aviv,אביב
aviva,אביבה
avivi,אביבי
avivit,אביבית
avivya,אביביה
avner,אבנר
avnet,אבנט
avnir,אבניר
avri,אברי
avriel,אבריאל
avrum,אברום
avshalom,אבשלום
aya,איה
ayala,איילה
ayalon,איילון
ayana,עיינה
ayelet,איילת
azaria,עזריה
azriel,עזריאל
azriela,עזריאלה
bahat,בהט
bar,בר
barak,ברק
baram,ברעם
barbara,ברברה
bareket,ברקת
barel,בראל
barkai,ברקאי
baruch,ברוך
bat,בת
batel,בתאל
batgal,בתגל
batli,בתלי
bator,בתאור
batya,בתיה
baz,בז
beatrice,ביאטריס
bechor,בכור
bechora,בכורה
beer,באר
beeri,בארי
beerya,באריה
bell,בל
bella,בלה
ben,בן
benaiah,בניה
benel,בנאל
beniel,בניאל
benli,בנלי
benno,בנו
benny,בני
bentzi,בנצי
bereshit,בראשית
bernard,ברנרד
bernice,ברניס
berri,ברי
bertina,ברטינה
beth,בט
bettina,בטינה
betty,בטי
betuel,בתואל
beyla,בילה
bildad,בלדד
bilha,בילהה
billy,בילי
bina,בינה
binnat,בינת
binyamin,בינימין
biran,בירן
biranit,בירנית
blanca,בלנקה
blanch,בלאנש
bluma,בלומה
bnaya,בניה
bnayahu,בניהו
boaz,בועז
bogdan,בוגדן
bonita,בוניטה
bonnie,בוני
boris,בוריס
bosem,בושם
bosmat,בושמת
botzer,בוצר
bracha,ברכה
braindel,בריינדל
brenda,ברנדה
brit,ברית
brnardo,ברנרדו
brooke,ברוק
brosh,ברוש
bruce,ברוס
brucha,ברוכה
bruna,ברונה
bruno,ברונו
brurya,ברוריה
bryan,בריאן
bsora,בשורה
cami,קמי
camile,קמיל
camilla,קמילה
candy,קנדי
carmel,כרמל
carmela,כרמלה
carmelit,כרמלית
carmen,כרמן
carmia,כרמיה
carmit,כרמית
carmon,כרמון
celine,סלין
chai,חי
chaim,חיים
chalom,חלום
chamutal,חמוטל
chana,חנה
chanan,חנן
chananel,חננאל
chananiel,חנניאל
chananya,חנניה
chanel,שאנל
chani,חני
chanina,חנינה
chanit,חנית
chanita,חניתה
chanoch,חנוך
chantal,שנטל
chanuka,חנוכה
charleen,שרלין
charlotte,שרלוט
chasid,חסיד
chasida,חסידה
chassia,חסיה
chatzav,חצב
chava,חוה
chavatzelet,חבצלת
chaviv,חביב
chaviva,חביבה
chavivit,חביבית
chaya,חיה
chayai,חיי
chayut,חיות
chayuta,חיותה
chazon,חזון
chedva,חדוה
chefetz,חפץ
cheftziba,חפציבה
cheli,חלי
chemdat,חמדת
chemi,חמי
chen,חן
chermon,חרמון
chermona,חרמונה
cherut,חירות
cheryl,שריל
chesed,חסד
chezi,חזי
chftzi,חפצי
chiba,חיבה
chilik,חיליק
chinanit,חיננית
chiskyahu,חזקיהו
chita,חיטה
chof,חוף
chofesh,חופש
chofi,חופי
chofit,חופית
chofshiya,חופשיה
choref,חורף
choresh,חורש
chorev,חורב
choshen,חושן
choze,חוזה
christina,כריסטינה
christophr,כריסטופר
cilia,סיליה
clara,קלרה
clarissa,קלריסה
claude,קלוד
claudette,קלודט
claudine,קלודין
claudio,קלאודיו
clementine,קלמנטין
colin,קולין
collette,קולט
dafna,דפנה
dagan,דגן
dahlia,דליה
dakar,דקר
daly,דלי
dan,דן
dana li,דנה
dandan,דנדן
danel,דנאל
daniela,דניאלה
danit,דנית
danny,דני
danor,דנאור
danya,דניה
daphi,דפי
daphni,דפני
dar,דר
darel,דראל
daria,דריה
datia,דתיה
dave,דייב
david,דויד
davidi,דוידי
daya,דיה
daysi,דייזי
dean,דין
debbie,דבי
dekel,דקל
delphine,דלפין
demitry,דמיטרי
denise,דניס
dgani,דגני
dgania,דגניה
dganit,דגנית
diana,דיאנה
diane,דיאן
diego,דיאגו
dikla,דיקלה
diklah,דקלה
dillen,דילן
dima,דימה
dimitri,דימטרי
dimona,דימונה
dina,דינה
dinur,דינור
dita,דיתה
diti,דיתי
ditza,דיצה
diva,דיוה
dlila,דלילה
dolev,דולב
dolly,דולי
dolores,דולורס
dolphin,דולפין
dominic,דומיניק
don,דון
donald,דונלד
donna,דונה
dor,דור
dora,דורה
doran,דורן
dori,דורי
doria,דוריה
dorian,דוריאן
doriel,דוריאל
dorina,דורינה
dorine,דורין
doris,דוריס
dorit,דורית
dorli,דורלי
doron,דורון
dorothy,דורותי
dotan,דותן
dov,דב
dovev,דובב
dovrat,דברת
dror,דרור
drora,דרורה
drorit,דרורית
drorli,דרורלי
dubi,דובי
dudi,דודי
dudu,דודו
dvash,דבש
dvir,דביר
dvira,דבירה
dvora,דבורה
dvori,דבורי
dvorit,דבורית
earnest,ארנסט
eden,אדן
edi,אדי
edith,אדית
edmond,אדמונד
edna,עדנה
edom,אדום
edut,עדות
edward,אדוארד
edwin,אדווין
effi,אפי
efraim,אפריים
efrat,אפרת
egoz,אגוז
ehud,אהוד
eilat,אילת
eilon,אילון
einan,עינן
einat,עינת
einav,עינב
eitam,איתם
eitan,איתן
eitana,איתנה
el,אל
ela,אלה
elad,אלעד
elada,אלעדה
elaine,איליין
elamar,אלאמר
elanor,אלאנור
elazar,אלעזר
elda,אלדע
eldad,אלדד
eldan,אלדן
eldar,אלדר
eldor,אלדור
eleanor,אלינור
elena,אלנה
eleni,אלני
elhanan,אלחנן
eli,אלי
eliad,אליעד
elian,אליאן
eliana,אליענה
elianna,אליאנה
elianora,אליאנורה
elias,אליאס
eliat,אליאת
eliav,אליאב
elichai,אליחי
elidan,אלידן
elidor,אלידור
eliel,אליאל
elihav,אליהב
elihu,אליהוא
elimelech,אלימלך
elimor,אלימור
elinatan,אלינתן
elinoam,אלינועם
elinoar,אלינוער
elinoy,אלינוי
elior,אליאור
eliora,אליאורה
elioz,אליעוז
eliram,אלירם
eliran,אלירן
eliraz,אלירז
eliron,אלירון
elisa,אליסה
elisabetta,אליזבטה
elisha,אלישע
elishama,אלישמע
elishar,אלישר
elishay,אלישי
elisheva,אלישבע
elital,אליטל
elitzafan,אליצפן
elitzur,אליצור
eliya,אליה
eliyahu,אליהו
eliyashiv,אלישיב
eliza,אליזה
elizabeth,אליזבט
elka,עלקא
elnatan,אלנתן
elor,אלאור
elori,אלאורי
elram,אלרם
elran,אלרן
elraz,אלרז
elroi,אלראי
elrom,אלרום
elron,אלרון
elsa,אלזה
elul,אלול
elvira,אלבירה
elyada,אלידע
elyakim,אליקים
elyam,אלים
elyaniv,אליניב
elyassaf,אליאסף
elyosef,אליוסף
emanuel,עמנואל
emanuela,עמנואלה
emek,עמק
emi,אמי
emil,אמיל
emilia,אמיליה
emilie,אמילי
emilio,אמיליו
emma,אמה
emuna,אמונה
enoch,חנוך
enosh,אנוש
enrico,אנריקו
enrique,אנריקה
enya,הניה
eran,ערן
eranit,ערנית
erel,אראל
ereli,אראלי
erella,אראלה
eretz,ארץ
erez,ארז
erga,ערגה
erika,אריקה
erin,ארין
erno,ארנו
erving,אירוינג
eshbal,אשבל
eshchar,אשחר
eshed,אשד
eshel,אשל
eshkar,אשכר
eshkol,אשכול
estee,אסתי
esther,אסתר
etam,עיטם
etel,אטל
etgar,אתגר
eti,אתי
etiel,אתיאל
etty,אטי
etzion,עציון
etziona,עציונה
eva,אוה
eve,איב
evelina,אבלינה
eveline,אבלין
evron,אברון
evyassaf,אביאסף
evyatar,אביתר
eyal\ayal,אייל
eylam,עילם
eynam,עינם
ezer,עזר
ezra,עזרא
ezri,עזרי
fabian,פביאן
fabiana,פביאנה
fabio,פביו
fania,פאניה
fanni,פאני
faran,פארן
favel,פבל
federico,פדריקו
feiga,פיגא
felix,פליקס
ferdinand,פרדיננד
fernando,פרננדו
feyga,פייגה
fiby,פיבי
fiona,פיונה
fleurette,פלורית
flora,פלורה
flori,פלורי
florina,פלורינה
fortuna,פורטונה
fradel,פראדל
fraide,פרידא
francesca,פרנצסקה
francios,פרנסואה
francis,פרנסיס
franco,פרנקו
frank,פרנק
franz,פרנץ
fred,פרד
freddy,פרדי
freida,פריידא
frida,פרידה
fritze,פריץ
fruma,פרומה
gaal,גאל
gaash,געש
gabi,גבי
gabriel,גבריאל
gachelet,גחלת
gad,גד
gadi,גדי
gadiel,גדיאל
gadit,גדית
gafna,גפנה
gafnit,גפנית
gal,גל
gali,גלי
galia,גליה
galil,גליל
galila,גלילה
galina,גלינה
galit,גלית
galon,גלאון
galor,גלאור
gamliel,גמליאל
ganel,גנאל
ganit,גנית
gat,גת
gavish,גביש
gavriel,גבריאל
gavriel,גבריאל
gaya,גאיה
gazit,גזית
gdalya,גדליה
gedaliah,גדליה
gedaliahu,גדליהו
gedalya,גדליה
gefen,גפן
genia,גניה
gera,גרא
gershom,גרשום
gershon,גרשון
gerta,גרטה
geula,גאולה
geut,גאות
gev,גב
geva,גבע
gevaram,גברעם
gideon,גדעון
gideona,גדעונה
gidi,גידי
gidon,גדעון
gidon,גדעון
gilad,גילעד
gilad,גילעד
gilat,גילת
gilboa,גלבוע
gilead,גילעד
gili,גילי
ginat,גינת
ginath,גינת
giora,גיורא
gita,גיטה
gital,גיטל
gitay,גיתאי
giti,גיטי
gitit,גיתית
givol,גבעול
givon,גבעון
gladis,גלאדיס
glorya,גלוריה
goel,גואל
gofna,גופנה
golan,גולן
golani,גולני
golda,גולדה
goldi,גולדי
gome,גומא
gonen,גונן
goral,גורל
goshen,גושן
grace,גרייס
gracia,גרציה
graciela,גרציאלה
granit,גרניט
gregory,גרגורי
gur,גור
gurel,גוראל
guri,גורי
gurit,גורית
gurya,גוריה
guryon,גוריון
gustav,גוסטב
guy,גאי
hadar,הדר
hadara,הדרה
hadari,הדרי
hadarya,הדריה
hadas,הדס
hadoram,הדורם
hagar,הגר
hagara,הגרה
hagut,הגות
haleli,הללי
haleluya,הללויה
halelya,הלליה
hali,הלי
halit,הלית
halya,הליה
hana,חנה
hanan,חנן
hananya,חנניה
hani,חני
hanoch,חנוך
hans,הנס
haran,הרן
harduf,הרדוף
harel,הראל
harela,הראלה
harry,הארי
harvey,הרווי
hatty,הטי
hava,חוה
haydee,היידי
hayley,היילי
hector,הקטור
hed,הד
hedda,הדה
hedy,הדי
heichal,היכל
heinrich,הנריך
hela,הלה
helen,הלן
hellena,הלנה
helleni,הלני
hendel,הנדל
henna,הענא
henny,הני
henri,הנרי
henriette,הנרייט
henrique,הנריקה
hermann,הרמן
herschel,הרשל
hertzelia,הרצליה
herzl,הרצל
hi,היא
hila,הילה
hilary,הילרי
hilay,הילאי
hilda,הילדה
hili,הילי
hilit,הילית
hillel,הלל
hilli,הילי
hinda,הינדא
hindel,הינדל
hirsh,הירש
hod,הוד
hodaya,הודיה
hodel,הודאל
hodelya,הודליה
holly,הולי
horiya,הוריה
hosha,הושע
howard,הווארד
hugo,הוגו
ida,אידה
idan,אידן
idel,איידל
idit,עידית
ido,אידו
ifah,יפעה
igor,איגור
ilan,אילן
ilana,אילנה
ilani,אילני
ilanit,אילנית
ilay,אילאי
ilaya,עילאיה
ili,אילי
ilil,אילאיל
ilit,אילית
ilona,אילונה
ilya,איליה
imber,אימבר
imri,אימרי
inaam,ינעם
inbal,עינבל
inbar,עינבר
inga,אינגה
ingrid,אינגריד
inka,אינקה
inna,אינה
iota,יוטא
ira,אירה
irad,עירד
iram,עירם
iran,עירן
irena,אירנה
irina,אירינה
iris,איריס
irit,אירית
isabel,איזבל
isabella,איזבלה
isai,איסיי
isar,איסר
isashar,ישכר
isgav,ישגב
israel,ישראל
israela,ישראלה
israelit,ישראלית
issy,איסי
ita,איטה
itael,איתהאל
itamar,איתמר
itan,איטן
itay,איתי
itiel,איתיאל
itiya,איתיה
itro,יתרו
itur,עיטור
itzik,איציק
ivan,איוון
ivete,איווט
ivona,איוונה
ivonna,איבונה
ivonne,איבון
ivri,עברי
ivrya,עבריה
ivy,איבי
iyar,אייר
iyov,איוב
izhar,יצהר
izik,איזיק
izrael,יזרעאל
izraela,יזרעאלה
jacki,זקי
jacob,יעקב
jan,זאן
jane,גן
jeck,זק
jehoiada,יהוידע
jehonadab,יהונדב
jehoram,יהורם
jemima,ימימה
jennie,גני
jerusalem,ירושלים
jill,גיל
joab,יואב
jobab,יובב
joel,יואל
johanan,יוחנן
johnny,גוני
jonathan,יונתן
joram,יהורם
joseph,יוסף
joshua,יהושוע
juan,חואן
juana,חואנה
jubal,יובל
judah,יהודה
juliana,יוליאנה
julio,חוליו
julius,יוליוס
july,יולי
kachal,כחל
kadan,כדן
kadit,כדית
kaduri,כדורי
kadya,כדיה
kai,קאי
kalanit,כלנית
kalman,קלמן
kama,קמה
kamai,קמאי
kamea,קמיע
kanarit,קנרית
kaniel,קניאל
karen,קארן
kari,קרי
karin,קארין
karina,קארינה
karkom,כרכום
karl,קרל
karlos,קרלוס
karni,קרני
karnit,קרנית
karol,קרול
karolina,קרולינה
karoline,קרולין
karolynn,קרוליין
kasiff,כסיף
kaspit,כספית
kate,קייט
katelin,קטלין
katelina,קטלינה
katerina,קטרינה
katharine,קתרין
katherine,קטרין
kati,קטי
katia,קטיה
katriel,כתריאל
katy,קייטי
katzir,קציר
kaya,קאיה
kaylee,קיילי
keala,קילה
kedem,קדם
kedma,קדמה
kei,קיי
keidar,קידר
keisaria,קיסריה
kelly,קלי
kenan,קינן
kenny,קני
kenya,קניה
kerem,כרם
keren,קרן
keret,קרת
kesem,קסם
keshet,קשת
keter,כתר
kevin,קווין
kfir,כפיר
kim,קים
kineret,כנרת
kinneret,כינרת
kinor,כנור
kirill,קיריל
kisuf,כיסוף
kit,קיט
klil,כליל
klila,כלילה
kobi,קובי
kochav,כוכב
kochava,כוכבה
kochavi,כוכבי
kochavit,כוכבית
kochevet,כוכבת
kochi,כוכי
kol,קול
konstantin,קונסטנטין
koral,קורל
koranit,קורנית
koren,קורן
koresh,כורש
kori,קורי
korina,קורינה
kornelia,קורנליה
korrine,קורין
kotel,כותל
kristina,קריסטינה
ksenia,קסניה
laad,לעד
lachan,לחן
lael,לאל
lahat,להט
lahav,להב
lahava,להבה
laila,לילה
lali,לאלי
lara,לארה
larissa,לריסה
lary,לארי
laura,לאורה
lavan,לבן
lavi,לביא
lea,לאה
lea,לאה
leah,לאה
lear,ליר
lei,ליי
leizer,לייזר
lena,לנה
lenina,לנינה
lenny,לני
leo,לאו
leon,לאון
leonard,לאונרד
leonardo,לאונרדו
leonid,לאוניד
leonor,לאונור
leonora,ליאונורה
leroy,לירוי
leshem,לשם
leslie,לסלי
lev,לב
levana,לבנה
levavit,לבבית
levia,לביאה
leviya,לויה
levona,לבונה
li,לי
liad,ליאד
liam,ליעם
liana,ליאנה
lianna,ליענה
liat,ליאת
liati,ליאתי
liav,ליאב
liba,ליבא
libat,ליבאת
libi,ליבי
libit,ליבית
lichai,ליחי
lidan,לידן
lidar,לידר
lidi,לידי
lidya,לידיה
liel,ליאל
lieli,ליאלי
ligad,ליגד
lihem,ליהם
lihi,ליהי
lihod,ליהוד
lihu,ליה
lilach,לילך
lilian,ליליאן
liliana,ליליאנה
lilit,לילית
lily,לילי
lilya,ליליה
limei,לימאי
lin,לין
linda,לינדה
linette,לינט
linor,לינור
linoya,לינוי
lion,ליאון
lior,ליאור
liora,ליאורה
liori,ליאורי
liorit,ליאורית
lioz,ליעוז
lipa,ליפא
liram,לירם
liri,לירי
lirit,לירית
lirom,לירום
lirona,לירונה
lishar,לישר
lissa,ליסה
liv,ליב
live,לייב
livnat,לבנת
livne,ליבנה
liya,לייה
liz,ליז
liza,ליזה
lizetta,ליזטה
lizi,ליזי
lola,לולה
lolita,לוליטה
loreta,לורטה
lori,לורי
lorrain,לוריין
lorraine,לורין
lotem,לטם
lotus,לוטוס
lou,לו
louie,לואי
louis,לואיס
louisa,לואיסה
luba,לובה
luca,לוקה
lucia,לוסיה
luciana,לוסיאנה
lucille,לוסיל
lucy,לוסי
ludmila,לודמילה
lulu,לולו
luna,לונה
luria,לוריא
luz,לוז
luzit,לוזית
lyovov,ליובוב
lyudmila,ליודמילה
maagan,מעגן
maayan,מעיין
maayana,מעינה
mabel,מאבל
mace,מייס
madeleine,מדליין
madelena,מדלנה
madelene,מדלן
magal,מגל
magali,מגלי
magda,מגדה
magdalena,מגדלנה
magen,מגן
maggie,מגי
mahol,מחול
malaach,מלאך
malachi,מלאכי
mali,מלי
malka,מלכה
manor,מנור
manuel,מנואל
maor,מאור
maoz,מעוז
mapal,מפל
marcella,מרסלה
marcelle,מרסל
marco,מרקו
marcus,מרקוס
margalit,מרגלית
marganit,מרגנית
margaret,מרגרט
margaretta,מרגרטה
margarit,מרגריט
margarita,מרגריטה
margot,מרגוט
maria,מריה
mariana,מריאנה
mariann,מריאן
mariano,מריאנו
mariela,מריאלה
marilyn,מרילין
marin,מרין
marina,מרינה
mario,מריו
marit,מרית
marita,מריטה
mark,מארק
marlena,מרלנה
marlene,מרלן
marlyn,מרלין
marnin,מרנין
marom,מרום
maron,מרון
marta,מרתה
martha,מרטה
martin,מרטין
marva,מרווה
marvin,מרוין
mary,מארי
masaat,משאת
masha,מאשה
mashiach,משיח
maskit,משכית
masos,משוש
masuaa,משואה
matan,מתן
matana,מתנה
matanya,מתניה
matar,מטר
matatel,מתתאל
matatya,מתתיה
mati,מטי
matia,מתיה
matil,מאטיל
matilda,מטילדה
matityahu,מתתיהו
mattanel,מתנאל
mattat,מתת
matthew,מתיו
matzliach,מצליח
max,מקס
maxim,מקסים
may,מאי
maya,מאיה
mazal,מזל
mazali,מזלי
mazalit,מזלית
mazi,מזי
mazor,מזור
mechora,מכורה
medina,מדינה
meir,מאיר
meira,מאירה
meirav,מירב
meiri,מאירי
meishar,מישר
meital,מיטל
meitar,מיתר
melania,מלניה
melech,מלך
melena,מלנה
melenie,מלאני
melia,מליה
melina,מלינה
melissa,מליסה
melody,מלודי
menachem,מנחם
menashe,מנשה
mendel,מנדל
mendy,מנדי
meni,מני
menucha,מנוחה
merav,מירב
mercedes,מרסדס
merchav,מרחב
meshi,משי
meshulam,משולם
methilda,מתילדה
metuka,מתוקה
mevaser,מבשר
mevaseret,מבשרת
mevorach,מבורך
meydad,מידד
meydan,מידן
meytav,מיטב
meytavel,מיטבאל
mezadah,מצדה
mia,מיה
micaella,מיקאלה
micha,מיכה
michael,מיקל
michaela,מיכאלה
michal,מיכל
michali,מיכלי
micheal,מישיל
midbar,מדבר
miel,מיאל
miguel,מיגל
mika,מיקה
mike,מייק
mikey,מייקי
mikhail,מיכאיל
miki,מיקי
mila,מילה
milan,מילאן
milena,מילנה
mili,מילי
milka,מילכה
mimi,מימי
mina,מינה
mincha,מנחה
mindel,מינדל
mindy,מינדי
minor,מינור
mira,מירה
miran,מירן
mirell,מירל
miri,מירי
mirit,מירית
miryam,מרים
misha,מישה
mishael,מישאל
mishala,משאלה
mishel,מישל
missie,מיסי
mizmor,מזמור
modi,מודי
mohar,מוהר
moledet,מולדת
moni,מוני
monica,מוניקה
monique,מוניק
mor,מור
morag,מורג
moral,מורל
moran,מורן
morasha,מורשה
mordechai,מרדכי
morel,מוראל
mori,מורי
moria,מוריה
moriel,מוריאל
moriss,מוריס
morit,מורית
moritz,מוריץ
moses,מוזס
moshe,משה
moshi,מושי
moshik,מושיק
moshiko,מושיקו
moshit,מושית
moti,מוטי
naa,נאה
naama,נעמה
naaman,נעמן
naamit,נעמית
nachal,נחל
nachala,נחלה
nachman,נחמן
nachshol,נחשול
nachshon,נחשון
nadav,נדב
nadir,נדיר
nadiv,נדיב
nadya,נדיה
naftali,נפתלי
nahar,נהר
nahor,נהור
nahum,נחום
namer,נמר
nancy,נאנסי
naor,נאור
nardit,נרדית
narkis,נרקיס
nataf,נטף
natalia,נטליה
natalie,נטלי
natan,נתן
natasha,נטשה
nati,נתי
nativ,נתיב
natniel,נתניאל
nava,נאוה
nave,נוה
navit,נווית
navon,נבון
navot,נבות
nechama,נחמה
nechemya,נחמיה
nechushtan,נחושתן
nediva,נדיבה
negba,נגבה
negev,נגב
negina,נגינה
negoha,נגוהה
nehara,נהרה
nehora,נהורא
nehorai,נהוראי
nelia,נליה
nell,נל
nelly,נלי
nemera,נמרה
neomi,נעמי
neora,נאורה
ner,נר
nered,נרד
neri,נרי
neriad,נריעד
neriel,נריאל
neriya,נריה
neshama,נשמה
nesher,נשר
nesli,נסלי
ness,נס
nessel,נסאל
nessi,נסי
nessya,נסיה
neta,נטע
netanel,נתנאל
netanela,נתנאלה
netanya,נתניה
netiaa,נטיעה
netz,נץ
netzach,נצח
nevat,נבט
nevia,נביעה
nevo,נבו
nevona,נבונה
nezer,נזר
nicholas,ניקולס
nick,ניק
nicki,ניקי
nicola,ניקולה
nicole,ניקול
nika,ניקה
nikita,ניקיטה
niko,ניקו
nikolai,ניקולאי
nil,ניל
nili,נילי
nilit,נילית
nimrod,נימרוד
nina,נינה
ninnette,נינט
nino,נינו
nir,ניר
nira,נירה
niran,נירן
nirel,ניראל
niri,נירי
nirit,נירית
niron,נירון
nirya,ניריה
nisan,ניסן
niso,ניסו
nissim,ניסים
nitan,ניתן
nittai,ניתאי
nitza,ניצה
nitzan,ניצן
nitzana,ניצנה
nitzanit,ניצנית
nitzat,ניצת
nitzchit,ניצחית
nitzchiya,נצחיה
nitzevet,ניצבת
niv,ניב
niva,ניבה
nivi,ניבי
noa,נועה
noad,נועד
noah,נח
noam,נועם
noamiya,נעמיה
noaz,נועז
nocha,נוחה
noel,נואל
nof,נוף
nofech,נופך
nofet,נופת
nofit,נופית
nofya,נופיה
noga,נגה
nohar,נוהר
noit,נואית
nov,נוב
nova,נובה
noy,נוי
noya,נויה
nuphar,נופר
nur,נור
nuri  \   nori,נורי
nuriel,נוריאל
nurit,נורית
nuriya,נוריה
odael,אודאל
ode,אודה
oded,עודד
odeda,עודדה
odelia,אדליה
odelia\odeleya,אודהליה
odem,אודם
odetta,אודטה
odette,אודט
odeya,אודיה
odiel,אודיאל
odile,אודיל
odin,אודין
ofek,אופק
ofer,עופר
oferet,עופרת
offra,עופרה
ofir,אופיר
ofira,אופירה
ofra,עפרה
ofri,אופרי
ofrit,עופרית
ogen,עוגן
ohad,אהד
ohev,אוהב
oksana,אוקסנה
oleg,אולג
olga,אולגה
oliver,אוליבר
olivia,אוליביה
omer,עומר
omri,עומרי
omrit,עומרית
on,און
oneg,עונג
onit,אונית
opal,אופאל
ophelia,אופליה
or,אור
orad,אורעד
orah,אורה
oral,אורל
oram,אורם
oran,אוראן
orchai,אורחי
orchen,אורחן
ordan,אורדן
orel,אוראל
oren\oran,אורן
orgad,אורגד
orgal,אורגל
orgil,אורגיל
ori,אורי
oriana,אוריאנה
oriane,אוריאן
orion,אוריון
orioz,אוריעוז
orit,אורית
orital,אוריטל
orlann,אורלן
orlene,אורלין
orlev,אורלב
orli,אורלי
orna,אורנה
ornat,אורנת
orni,אורני
oron,אורון
orpaz,אורפז
orrin,אורין
ortal,אורטל
oryom,אוריום
osanna,אוסנה
oscar,אוסקר
osher,אושר
oshik,אושיק
oshiya,אושיה
oshra,אושרה
oshrat,אושרת
oshri,אושרי
oshriel,אושריאל
oshrit,אושרית
oshriya,אושריה
osi,אוסי
osnat,אוסנת
otto,אוטו
otzar,אוצר
ovadia,עובדיה
oved,עובד
oz,עוז
ozer,עוזר
pablo,פאבלו
padut,פדות
paltiel,פלטיאל
pamela,פמלה
panya,פניה
paretz,פרץ
pascalle,פסקל
pashosh,פשוש
patricia,פטריסיה
patrick,פטריק
paul,פאול
paula,פאולה
paulette,פולט
pavel,פאבל
paz,פז
pazi,פזי
pazit,פזית
pearl,פערל
pedhatzur,פדהצור
pedro,פדרו
peer li,פארלי
peer,פאר
peeri,פארי
pele,פלא
peled,פלד
peleg,פלג
perach,פרח
perla,פרלה
pesach,פסח
pessia,פסיה
petel,פטל
peter,פטר
philip,פיליפ
pierre,פייר
pilhit,פלאית
pinchas,פינחס
pini,פיני
piter,פיטר
pliaa,פליאה
pnina,פנינה
pninat,פנינת
pninit,פנינית
pola,פולה
poleg,פולג
polina,פולינה
porat,פורת
poriya,פוריה
priel,פריאל
priela,פריאלה
priya,פריה
prosper,פרוספר
puah,פועה
purim,פורים
raam,רעם
raanan,רענן
raanana,רעננה
raaya,רעיה
rabiel,רביאל
racel,רעכל
rachamim,רחמים
rachel,רחל
racheli,רחלי
rachelit,רחלית
raday,רדי
raffi,רפי
rahav,רהב
rain,ריין
raisa,ראיסה
rakefet,רקפת
rakia,רקיע
ram,רם
rama,רמה
rami,רמי
ramit,רמית
ramon,רמון
ramona,רמונה
ran,רן
randi,רנדי
ranel,רנאל
ranen,רנן
rani,רני
ranit,רנית
ratzon,רצון
raubat,ראובת
raul,ראול
rave,רווה
ravid,רביד
ravit,רוית
raviv,רביב
ray,ריי
raz,רז
raza,רוזה
razi,רזי
raziel,רזיאל
raziela,רזיאלה
razya,רזיה
rea,רע
reef,ריף
reem,ראם
regev,רגב
regina,רגינה
rei,רעי
reizi,רייזי
rekem,רקם
renana,רננה
renanit,רננית
renate,רנט
renato,רנטו
rephael,רפאל
rephaela,רפאלה
reshef,רשף
reshit,ראשית
reut,רעות
reuven,ראובן
reuvena,ראובנה
reuya,ראויה
revaya,רוויה
revital,רויטל
riccardo,ריקרדו
riesel,ריזל
rika,ריקה
riki,ריקי
rimma,רימה
rimon,רימון
rimona,רימונה
rina,רינה
rinat,רינת
rinatya,רינתיה
risan,ריסן
rita,ריטה
riva,ריבה
rivi,ריבי
rivkah,רבקה
robert,רוברט
roberto,רוברטו
rodica,רודיקה
roga,רוגע
roi,רואי
roit,רועית
rom,רום
roman,רומן
romema,רוממה
romi,רומי
romina,רומינה
romit,רומית
ron,רון
rona,רונה
ronald,רונלד
ronel,רונאל
ronen,רונן
roni,רוני
roniel,רוניאל
ronili,רונילי
ronit,רונית
ronli,רונלי
ronya,רוניה
rosalia,רוזליה
rosalie,רוזלי
rosalina,רוזלינה
rosalind,רוזלינד
rosaline,רוזלין
rose,רוז
rosemary,רוזמרי
ross,רוס
rotem,רותם
roxanne,רוקסן
roya,רויה
rozi,רוזי
rubi,רובי
rubin,רובין
ruchama,רוחמה
rudolph,רודולף
ruth,רות
rutha,רוטה
rutti,רותי
ryan,רייאן
saar,סער
sabina,סבינה
sabrina,סברינה
sachaf,סחף
sachlav,סחלב
sadot,שדות
sagie,שגיא
sagit,שגית
sagiv,סגיב
sahar,סהר
saimon,סימון
salit,סלעית
sally,סאלי
salomon,סלומון
sam,סם
sami,סמי
samuel,סמואל
sandra,סנדרה
sandrine,סנדרין
sandy,סנדי
sapir,ספיר
sapirit,ספירית
saraf,שרף
sarah,שרה
sarai,שרי
sariel,שריאל
sarig,שריג
sarit,שרית
sarita,שריתה
sasa,שאשא
sasha,סשה
sassi,ששי
sasson,ששון
savyon,סביון
sayar,סייר
sayfan,סייפן
seadia,סעדיה
seffi,ספי
segal,סגל
segev,שגב
sela,סלה
semyon,סמיון
serach,שרח
sergei,סרגי
serjio,סרחיו
serya,שריה
sgula,סגולה
shaanan,שאנן
shaanana,שאננה
shaaya,שעיה
shabchiya,שבחיה
shabtai,שבתאי
shachaf,שחף
shachak,שחק
shachal,שחל
shacham,שחם
shachar,שחר
shachari,שחרי
shacharit,שחרית
shadmit,שדמית
shafir,שפיר
shafira,שפירה
shafrir,שפריר
shai,שי
shaike,שייקה
shaked,שקד
shalechet,שלכת
shalem,שלם
shalev,שלו
shalhevet,שלהבת
shalhevetya,שלהבתיה
shalom,שלום
shalva,שלוה
shamai,שמי
shamaim,שמים
shamir,שמיר
shandi,שיינדי
shane,שיין
shani,שני
shanit,שנית
shanon,שאנון
sharel,שראל
sharly,שרלי
sharon,שרון
sharona,שרונה
sharoni,שרוני
sharonit,שרונית
shaul,שאול
shaula,שאולה
shauli,שאולי
shavit,שביט
shaviv,שביב
shay,שי
shaya,שיה
shayel,שיאל
shayla,שיילה
shdema,שדמה
shealtiel,שאלתיאל
shefa,שפע
shefi,שפי
sheina,שיינא
sheindel,שיינדל
sheizaf,שיזף
sheldon,שלדון
shelef,שלף
sheleg,שלג
shell,של
shelly,שלי
shelya,שליה
shem,שם
shemer,שמר
shenhav,שנהב
sher,שר
sheva,שבע
shevach,שבח
shiba,שיבא
shibolet,שיבולת
shifra,שיפרה
shikma,שיקמה
shilat,שילת
shilhev,שילהב
shimi,שימי
shimit,שמעית
shimon,שמעון
shimona,שמעונה
shimri,שמרי
shimrit,שימרית
shimron,שימרון
shimshon,שמשון
shir,שיר
shira,שירה
shiran,שירן
shirat,שירת
shiray,שיריי
shiraz,שירז
shirel,שיראל
shiri,שירי
shiriel,שיריאל
shirili,שירילי
shirin,שירין
shirit,שירית
shirli,שירלי
shiron,שירון
shirtal,שירטל
shiva,שיבה
shkediya,שקדיה
shlomi,שלומי
shlomit,שלומית
shlomo,שלמה
shlomtzyon,שלומציון
shmaaya,שמעיה
shmaayahu,שמעיהו
shmaria,שמריה
shmil,שמיל
shmuel,שמואל
shmuela,שמואלה
shneour,שנאור
shniel,שניאל
shoham,שהם
shomron,שומרון
shonn,שון
shontal,שונטל
shosh,שוש
shoshan,שושן
shoshana,שושנה
shoshanit,שושנית
shoshi,שושי
shoval,שובל
shraga,שרגא
shratya,שירתיה
shterna,שטערנא
shuki,שוקי
shula,שולה
shulamit,שולמית
shuli,שולי
shunamit,שונמית
shuni,שוני
shunit,שונית
shuv,שוב
shuvael,שובאל
shuvi,שובי
shuvya,שוביה
shvut,שבות
si,סי
sigal,סיגל
sigalit,סגלית
sigi,סיגי
silva,סילבה
silvan,סילבן
silvana,סילבנה
silvia,סלביה
silvio,סילביו
sima,סימא
simcha,שמחה
simchi,שמחי
simi,סימי
simona,סימונה
sinai,סיני
sinaya,סיניה
sion,שיאון
siona,שיאונה
sis,סיס
sitar,סיטאר
sitvanit,סיתונית
sivan,סיוון
sky,סקאי
slava,סלבה
slavik,סלביק
smadar,סמדר
smulik,שמוליק
snaait,סנאית
snir,שניר
snira,שנירה
snunit,סנונית
sofia,סופיה
sofy,סופי
sol,סול
solomon,סולומון
soly,סולי
sonya,סוניה
sorek,שורק
stanley,סטנלי
star,סטאר
stav,סתו
stavit,סתוית
steeve,סטיב
stella,סטלה
stephanie,סטפני
steven,סטיבן
sue,סו
suf,סוף
sufa,סופה
sufit,סופית
sultana,סולטאנה
sun,סאן
sunny,סאני
suri,סורי
susane,סוזן
susanna,סוזנה
susanne,סוזאן
suzy,סוזי
svetlana,סבטלאנה
svutya,שבותיה
sydney,סידני
sylvia,סילביה
sylvie,סילבי
tadmor,תדמור
tafat,טפת
tagel,תגל
tagil,תגיל
tahara,טהרה
tahel,תהל
tai,טאי
tair,תאיר
tal,טל
talel,טלאל
tali,טלי
talila,טלילה
talmai,תלמי
talmor,טלמור
talor,טלאור
talya,טליה
tama,תמה
tamar,תמר
tamara,תמרה
tamari,תמרי
tami,תמי
tamir,טמיר
tamuz,תמוז
tanchum,תנחום
tanir,תניר
taniv,תניב
tanya,טניה
tara,טארה
tarin,תרין
tarun,תרון
tatiana,טאטיאנה
tatina,טאטינה
tav,תו
tavor,תבור
taya,תאיה
tchelet,תכלת
tchiya,תחיה
ted,טד
teddy,טדי
teena,תאנה
tehila,תהילה
tehora,טהורה
telem,תלם
telma,תלמה
tenne,טנא
teodor,טאודור
terez,טרז
tereza,טרזה
terra,טרה
tess,טס
teva,טבע
tevel,תבל
tevet,טבת
tfila,תפילה
thea,תיאה
thomas,תומס
tia,טיה
tidhar,תדהר
tifara,תפארה
tiferet,תפארת
tifrach,תפרח
tiki,תיקי
tikva,תקוה
tilly,טילי
tiltan,תלתן
tim,טים
timnna,תמנה
timor,טימור
tina,טינה
tiran,טיראן
tiranit,טירנית
tirosh,תירוש
tirtsa,תרצה
tirza,תרזה
tkuma,תקומה
tlalit,טללית
tmira,טמירה
toby,טובי
toem,תואם
tohar,טהר
toiba,טויבא
tom,טום
tomer,תומר
tomi,טומי
tomli,תומלי
tony,טוני
topaz,טופז
tor,תור
tora,תורה
toren,תורן
tov,טוב
tova,טובה
tovel,טובאל
tovit,טובית
tsafnat,צפנת
tsdafit,צדפית
tsedef,צדף
tsfiya,צפיה
tshura,תשורה
tshuva,תשובה
tsuf,צוף
tsufi,צופי
tsufit,צופית
tully,טולי
tushiya,תושיה
tut,תות
tuval,תובל
tuvia,טוביה
tzabar,צבר
tzabarit,צברית
tzach,צח
tzachi,צחי
tzachit,צחית
tzadik,צדיק
tzadika,צדיקה
tzadok,צדוק
tzafi,צפי
tzafir,צפיר
tzafit,צפית
tzafrir,צפריר
tzafrira,צפרירה
tzafrit,צפרית
tzahala,צהלה
tzahali,צהלי
tzameret,צמרת
tzdaka,צדקה
tzeel,צאל
tzeela,צאלה
tzemach,צמח
tzfira,צפירה
tzila,צילה
tzili,צילי
tzion,ציון
tziona,ציונה
tzioni,ציוני
tzionit,ציונית
tzipa,ציפה
tzipi,ציפי
tzipiya,ציפיה
tzippora,ציפורה
tziral,צירל
tzlil,צליל
tzlila,צלילה
tzochar,צחר
tzofar,צופר
tzofia,צופיה
tzruya,צרויה
tzuk,צוק
tzukit,צוקית
tzur,צור
tzurel,צוראל
tzuri,צורי
tzuria,צוריה
tzuriel,צוריאל
tzurit,צורית
tzvi,צבי
tzvia,צביה
tzviel,צביאל
tzvika,צביקה
udi,אודי
udit,אודית
uma,אומה
uri,אורי
uria,אוריה
uriel,אוריאל
uriela,אוריאלה
ursula,אורסולה
uzi,עוזי
uzit,עוזית
uzziel,עוזיאל
uzziya,עוזיה
vadim,ודים
valentina,ולנטינה
valentine,ולנטין
valeria,ואלריה
valerian,ולריאן
valerie,ואלרי
valerio,ולריו
vali,ולי
vanda,ונדה
varda,ורדה
vardina,ורדינה
vardit,ורדית
vasily,וסילי
vatzman,ויצמן
venessa,ונסה
venezia,ונציה
vera,ורה
vered,ורד
veronic,ורוניק
veronica,ורוניקה
vic,ויק
vicky,ויקי
victor,ויקטור
victoria,ויקטוריה
vida,וידה
vika,ויקה
villiam,וויליאם
viola,ויאולה
violet,ויולט
violeta,ויולטה
vita,ויטה
vitale,ויטל
vitaliy,ויטלי
viva,ויוה
vivi,ויוי
vivian,ויויאן
viviana,ויויאנה
vlada,ולדה
vladi,ולדי
vladimir,ולדימיר
vladislav,ולדיסלב
volter,וולטר
willi,וילי
william,ויליאם
wolf,וולף
yaacova,יעקובה
yaad,יעד
yaakov,יעקב
yaar,יער
yaara,יערה
yaari,יערי
yaarit,יערית
yachad,יחד
yachin,יכין
yadid,ידיד
yadin,ידין
yael,יגל
yafa,יפה
yafit,יפית
yagil,יגיל
yagur,יגור
yahalom,יהלום
yahaloma,יהלומה
yahalomit,יהלומית
yahav,יהב
yahava,יהבה
yahel,יהל
yahela,יהלה
yaheli,יהלי
yahelor,יהלאור
yair,יאיר
yaira,יאירה
yaki,יקי
yakim,יקים
yakir,יקיר
yakira,יקירה
yalin,ילין
yalon,ילון
yam,ים
yamin,ימין
yamit,ימית
yan,יאן
yana,יאנה
yanaait,ינאית
yanir,יניר
yaniv,יניב
yannai,ינאי
yante,יענטא
yanuv,ינוב
yarden,ירדן
yardena,ירדנה
yarel,יראל
yarin,ירין
yarina,ירינה
yariv,יריב
yarkon,ירקון
yarkona,ירקונה
yarnin,ירנין
yarom,ירום
yaron,ירון
yarona,ירונה
yaroni,ירוני
yashiv,ישיב
yashphe,ישפה
yasmine,יסמין
yasur,יסעור
yated,יתד
yatir,יתיר
yavneel,יבניאל
yavniela,יבניאלה
year,יאר
yechezkel,יחזקאל
yechi,יחי
yechiaad,יחיעד
yechiav,יחיאב
yechiel,יחיאל
yechiela,יחיאלה
yedaaya,ידעיה
yedida,ידידה
yefet,יפת
yefim,יפים
yehiam,יחיעם
yehoash,יהואש
yehonadav,יהונדב
yehoram,יהורם
yehoshua,יהושוע
yehoshua,יהושוע
yehoyada,יהוידע
yehoyakim,יהויקים
yehu,יהוא
yehuda,יהודה
yehudi,יהודי
yekara,יקרה
yekaterina,יקטרינה
yekutiel,יקותיאל
yelena,ילינה
yemima,ימימה
yerach,ירח
yerachemel,ירחמאל
yerachmiel,ירחמיאל
yermiyahu,ירמיהו
yerucham,ירוחם
yerushalmit,ירושלמית
yeshaya,ישעיה
yeshayahu,ישעיהו
yeshuaa,ישועה
yeshurun,ישורון
yevgeni,יבגני
yevgeniya,יבגניה
yidhar,ידהר
yifaati,יפעתי
yifat,יפעת
yifrach,יפרח
yiftach,יפתח
yigaela,יגאלה
yikrat,יקרת
yinon,ינון
yiraat,יראת
yiram,ירעם
yirmi,ירמי
yirmiya,ירמיה
yiron,יראון
yisge,ישגה
yishai,ישי
yishi,ישעי
yiska,יסכה
yitav,ייטב
yitshal,יצהל
yitzhak,יצחק
yitzhar,יצהר
yivsam,יבשם
yizhar,יזהר
yoad,יועד
yoan,יואן
yoana,יואנה
yoav,יואב
yoav,יואב
yoaz,יועז
yochanan,יוחנן
yochi,יוחי
yodfath,יודפת
yoel,יואל
yoel,יואל
yoela,יואלה
yoeli,יואלי
yoelit,יואלית
yofiel,יופיאל
yofit,יופית
yogev,יגב
yohad,יוהד
yohanan,יוחנן
yoked,יוקד
yolanda,יולנדה
yomi,יומי
yon,יון
yona,יונה
yonadav,יהונדב
yonat,יונת
yonatan,יונתן
yoni,יוני
yonina,יונינה
yonit,יונית
yoram,יהורם
yoray,יוראי
yoseph,יוסף
yosepha,יוספה
yoshiyahu,יאשיהו
yossi,יוסי
yotam,יותם
yotvat,יוטבת
yovav,יובב
yuliya,יוליה
yuri,יורי
yurit,יורית
yuval,יובל
zahara,זהרה
zaharit,זהרית
zaka,זכה
zakai,זכאי
zaki,זכי
zalman,זלמן
zamir,זמיר
zchut,זכות
zebulun,זבולון
zecharia,זכריה
zeev,זאב
zeeva,זאבה
zehava,זהבה
zehavi,זהבי
zehavit,זהבית
zehorit,זהורית
zelda,זלדה
zemer,זמר
zephaniah,צפניה
zer,זר
zeri,זרי
zerit,זרית
zigmond,זיגמונד
zika,זיקה
zilpa,זלפה
zimartya,זימרתיה
zimra,זימרה
zimrat,זימרת
zina,זינה
zisel,זיסל
ziv,זיו
ziva,זיוה
zivan,זיוון
zivanit,זיונית
zivit,זיוית
zmira,זמירה
zoey,זואי
zohar,זהר
zohara,זוהרה
zohi,זוהי
zoya,זויה
zrubavel,זרובבל
zuel,זואל
zvulun,זבולון